<?xml version="1.0" encoding="UTF-8" ?>
<!DOCTYPE mapper PUBLIC "-//mybatis.org//DTD Mapper 3.0//EN" 
	"http://mybatis.org/dtd/mybatis-3-mapper.dtd">

<mapper namespace="com.ssafy.book.dao.BookDao">

	<insert id="insertBook" parameterType="bookDto">
		insert into book (isbn, title, catalogue, nation, publish_date, publisher, author, price, currency, description)
		values (#{isbn}, #{title}, #{catalogue},#{nation}, #{publish_date}, #{publisher}, #{author}, #{price}, #{currency}, #{description})
	</insert>
	
	<select id="selectBook" parameterType="map" resultType="bookDto">
		select isbn, title, catalogue, author
		from book
		<if test="searchType == 'title'">
			where title like concat('%', #{searchWord}, '%')
		</if>
	</select>

	<select id="selectIsbn" parameterType="String" resultType="bookDto">
		select isbn, title, catalogue, nation, publish_date, publisher, author, price, currency, description
		from book
		where isbn = #{isbn}
	</select>
	
	<delete id="deleteIsbn" parameterType="String">
		delete from book
		where isbn = #{isbn}
	</delete>
</mapper>