<?xml version="1.0" encoding="UTF-8"?>
<beans xmlns="http://www.springframework.org/schema/beans"
	xmlns:xsi="http://www.w3.org/2001/XMLSchema-instance"
	xmlns:tx="http://www.springframework.org/schema/tx"
	xsi:schemaLocation="http://www.springframework.org/schema/beans https://www.springframework.org/schema/beans/spring-beans.xsd
		http://www.springframework.org/schema/tx http://www.springframework.org/schema/tx/spring-tx-4.3.xsd">
	
	<!-- Root Context: defines shared resources visible to all other web components -->
	<!-- Mybatis설정 -->
	<bean id = "ds" class = "org.springframework.jndi.JndiObjectFactoryBean">
		<property name="jndiName" value="java:comp/env/jdbc/ssafy"></property>
	</bean>
	<bean id = "ssfb" class = "org.mybatis.spring.SqlSessionFactoryBean">
			<property name="dataSource" ref="ds"/>
			<property name="configLocation" value="classpath:mybatis-config.xml"/>
			<property name="mapperLocations">
				<list>
					<value>classpath:book.xml</value>
				</list>
			</property>
	</bean>
	<bean id ="sqlSession" class = "org.mybatis.spring.SqlSessionTemplate">
		<constructor-arg ref="ssfb"/>
	</bean>
	
	<!-- 트랜잭션 매니저 -->
	<bean id="tm" class="org.springframework.jdbc.datasource.DataSourceTransactionManager">
		<property name="dataSource" ref="ds"/>
	</bean>
	
	<tx:annotation-driven transaction-manager="tm"/>
</beans>
